,date,season,year,month,holiday,week_day,working_day,weather_sit,temprature,feel_temprature,humidity,wind_speed,casual_user,registered_user,total_user
0,2011-01-01,springer,2011,Jan,no,saturday,no,mist,14.11,18.18,80.58,10.75,331,654,985
1,2011-01-02,springer,2011,Jan,no,sunday,no,mist,14.9,17.69,69.61,16.65,131,670,801
2,2011-01-03,springer,2011,Jan,no,monday,yes,clear,8.05,9.47,43.73,16.64,120,1229,1349
3,2011-01-04,springer,2011,Jan,no,tuesday,yes,clear,8.2,10.61,59.04,10.74,108,1454,1562
4,2011-01-05,springer,2011,Jan,no,wednesday,yes,clear,9.31,11.46,43.7,12.52,82,1518,1600
5,2011-01-06,springer,2011,Jan,no,thursday ,yes,clear,8.38,11.66,51.83,6.0,88,1518,1606
6,2011-01-07,springer,2011,Jan,no,friday,yes,mist,8.06,10.44,49.87,11.3,148,1362,1510
7,2011-01-08,springer,2011,Jan,no,saturday,no,mist,6.76,8.11,53.58,17.88,68,891,959
8,2011-01-09,springer,2011,Jan,no,sunday,no,clear,5.67,5.81,43.42,24.25,54,768,822
9,2011-01-10,springer,2011,Jan,no,monday,yes,clear,6.18,7.54,48.29,14.96,41,1280,1321
10,2011-01-11,springer,2011,Jan,no,tuesday,yes,mist,6.93,9.57,68.64,8.18,43,1220,1263
11,2011-01-12,springer,2011,Jan,no,wednesday,yes,clear,7.08,8.02,59.95,20.41,25,1137,1162
12,2011-01-13,springer,2011,Jan,no,thursday ,yes,clear,6.76,7.54,47.04,20.17,38,1368,1406
13,2011-01-14,springer,2011,Jan,no,friday,yes,clear,6.6,9.42,53.78,8.48,54,1367,1421
14,2011-01-15,springer,2011,Jan,no,saturday,no,mist,9.57,12.41,49.88,10.58,222,1026,1248
15,2011-01-16,springer,2011,Jan,no,sunday,no,clear,9.5,11.71,48.38,12.63,251,953,1204
16,2011-01-17,springer,2011,Jan,yes,monday,no,mist,7.21,8.84,53.75,13.0,117,883,1000
17,2011-01-18,springer,2011,Jan,no,tuesday,yes,mist,8.88,11.62,86.17,9.83,9,674,683
18,2011-01-19,springer,2011,Jan,no,wednesday,yes,mist,11.98,14.92,74.17,13.96,78,1572,1650
19,2011-01-20,springer,2011,Jan,no,thursday ,yes,mist,10.73,12.75,53.83,13.13,83,1844,1927
20,2011-01-21,springer,2011,Jan,no,friday,yes,clear,7.28,7.89,45.71,23.67,75,1468,1543
21,2011-01-22,springer,2011,Jan,no,saturday,no,clear,2.42,3.95,40.0,11.52,93,888,981
22,2011-01-23,springer,2011,Jan,no,sunday,no,clear,3.96,4.94,43.65,16.52,150,836,986
23,2011-01-24,springer,2011,Jan,no,monday,yes,clear,3.99,5.9,49.17,10.61,86,1330,1416
24,2011-01-25,springer,2011,Jan,no,tuesday,yes,mist,9.16,11.73,61.7,8.7,186,1799,1985
25,2011-01-26,springer,2011,Jan,no,wednesday,yes,light rain,8.92,10.18,86.25,19.69,34,472,506
26,2011-01-27,springer,2011,Jan,no,thursday ,yes,clear,8.0,10.98,68.75,7.63,15,416,431
27,2011-01-28,springer,2011,Jan,no,friday,yes,mist,8.34,11.17,79.3,8.26,38,1129,1167
28,2011-01-29,springer,2011,Jan,no,saturday,no,clear,8.06,10.61,65.17,9.74,123,975,1098
29,2011-01-30,springer,2011,Jan,no,sunday,no,clear,8.88,12.52,72.22,4.96,140,956,1096
30,2011-01-31,springer,2011,Jan,no,monday,yes,mist,7.41,9.31,60.38,12.54,42,1459,1501
31,2011-02-01,springer,2011,Feb,no,tuesday,yes,mist,7.88,11.73,82.96,3.57,47,1313,1360
32,2011-02-02,springer,2011,Feb,no,wednesday,yes,mist,10.66,12.72,77.54,17.71,72,1454,1526
33,2011-02-03,springer,2011,Feb,no,thursday ,yes,clear,7.67,8.89,43.78,18.61,61,1489,1550
34,2011-02-04,springer,2011,Feb,no,friday,yes,mist,8.66,11.43,58.52,8.57,88,1620,1708
35,2011-02-05,springer,2011,Feb,no,saturday,no,mist,9.57,12.15,92.92,10.79,100,905,1005
36,2011-02-06,springer,2011,Feb,no,sunday,no,clear,11.72,14.58,56.83,9.5,354,1269,1623
37,2011-02-07,springer,2011,Feb,no,monday,yes,clear,11.14,15.18,73.83,3.04,120,1592,1712
38,2011-02-08,springer,2011,Feb,no,tuesday,yes,clear,9.05,9.91,53.79,24.25,64,1466,1530
39,2011-02-09,springer,2011,Feb,no,wednesday,yes,mist,5.53,7.21,49.48,12.65,53,1552,1605
40,2011-02-10,springer,2011,Feb,no,thursday ,yes,clear,5.92,7.48,43.74,14.87,47,1491,1538
41,2011-02-11,springer,2011,Feb,no,friday,yes,clear,7.75,10.68,50.64,7.27,149,1597,1746
42,2011-02-12,springer,2011,Feb,no,saturday,no,clear,9.12,11.65,54.42,13.63,288,1184,1472
43,2011-02-13,springer,2011,Feb,no,sunday,no,clear,12.98,16.21,45.74,17.48,397,1192,1589
44,2011-02-14,springer,2011,Feb,no,monday,yes,clear,17.02,19.92,37.58,28.0,208,1705,1913
45,2011-02-15,springer,2011,Feb,no,tuesday,yes,clear,10.91,12.71,31.43,19.52,140,1675,1815
46,2011-02-16,springer,2011,Feb,no,wednesday,yes,clear,13.05,15.81,42.35,16.87,218,1897,2115
47,2011-02-17,springer,2011,Feb,no,thursday ,yes,clear,17.87,21.43,50.5,15.42,259,2216,2475
48,2011-02-18,springer,2011,Feb,no,friday,yes,clear,21.39,25.6,51.67,17.75,579,2348,2927
49,2011-02-19,springer,2011,Feb,no,saturday,no,clear,16.37,19.57,18.79,34.0,532,1103,1635
50,2011-02-20,springer,2011,Feb,no,sunday,no,clear,11.69,13.87,40.78,14.96,639,1173,1812
51,2011-02-21,springer,2011,Feb,yes,monday,no,mist,12.44,14.2,60.5,20.63,195,912,1107
52,2011-02-22,springer,2011,Feb,no,tuesday,yes,clear,7.47,9.3,57.78,13.11,74,1376,1450
53,2011-02-23,springer,2011,Feb,no,wednesday,yes,clear,9.09,12.29,42.3,6.31,139,1778,1917
54,2011-02-24,springer,2011,Feb,no,thursday ,yes,mist,12.12,14.46,69.74,16.78,100,1707,1807
55,2011-02-25,springer,2011,Feb,no,friday,yes,mist,14.94,17.52,71.22,23.22,120,1341,1461
56,2011-02-26,springer,2011,Feb,no,saturday,no,clear,11.58,14.11,53.79,12.5,424,1545,1969
57,2011-02-27,springer,2011,Feb,no,sunday,no,clear,14.08,17.56,68.0,8.39,694,1708,2402
58,2011-02-28,springer,2011,Feb,no,monday,yes,mist,16.7,20.01,87.64,19.41,81,1365,1446
59,2011-03-01,springer,2011,Mar,no,tuesday,yes,clear,10.93,13.19,53.5,14.5,137,1714,1851
60,2011-03-02,springer,2011,Mar,no,wednesday,yes,clear,13.74,16.0,44.96,20.62,231,1903,2134
61,2011-03-03,springer,2011,Mar,no,thursday ,yes,clear,8.13,10.01,31.83,15.13,123,1562,1685
62,2011-03-04,springer,2011,Mar,no,friday,yes,mist,10.73,12.78,61.04,13.62,214,1730,1944
63,2011-03-05,springer,2011,Mar,no,saturday,no,mist,15.75,18.94,78.92,16.88,640,1437,2077
64,2011-03-06,springer,2011,Mar,no,sunday,no,mist,15.44,18.31,94.83,23.0,114,491,605
65,2011-03-07,springer,2011,Mar,no,monday,yes,clear,10.73,11.92,55.13,22.87,244,1628,1872
66,2011-03-08,springer,2011,Mar,no,tuesday,yes,clear,11.99,15.12,42.08,8.08,316,1817,2133
67,2011-03-09,springer,2011,Mar,no,wednesday,yes,mist,12.13,14.33,77.54,14.75,191,1700,1891
68,2011-03-10,springer,2011,Mar,no,thursday ,yes,light rain,15.95,19.28,62.67,17.55,46,577,623
69,2011-03-11,springer,2011,Mar,no,friday,yes,mist,12.98,15.25,64.96,15.61,247,1730,1977
70,2011-03-12,springer,2011,Mar,no,saturday,no,clear,13.5,16.29,59.46,14.79,724,1408,2132
71,2011-03-13,springer,2011,Mar,no,sunday,no,clear,15.76,19.0,52.74,18.13,982,1435,2417
72,2011-03-14,springer,2011,Mar,no,monday,yes,clear,13.33,16.6,49.7,9.17,359,1687,2046
73,2011-03-15,springer,2011,Mar,no,tuesday,yes,mist,13.01,15.91,65.57,12.35,289,1767,2056
74,2011-03-16,springer,2011,Mar,no,wednesday,yes,mist,14.97,18.35,77.65,13.61,321,1871,2192
75,2011-03-17,springer,2011,Mar,no,thursday ,yes,clear,17.02,20.52,60.29,14.04,424,2320,2744
76,2011-03-18,springer,2011,Mar,no,friday,yes,clear,22.14,26.35,52.52,15.48,884,2355,3239
77,2011-03-19,springer,2011,Mar,no,saturday,no,clear,19.37,23.33,37.92,24.67,1424,1693,3117
78,2011-03-20,springer,2011,Mar,no,sunday,no,clear,13.63,16.29,47.38,13.92,1047,1424,2471
79,2011-03-21,summer,2011,Mar,no,monday,yes,mist,17.65,20.49,73.74,19.35,401,1676,2077
80,2011-03-22,summer,2011,Mar,no,tuesday,yes,clear,18.11,22.03,62.46,15.13,460,2243,2703
81,2011-03-23,summer,2011,Mar,no,wednesday,yes,mist,14.23,16.9,83.96,15.7,203,1918,2121
82,2011-03-24,summer,2011,Mar,no,thursday ,yes,mist,11.68,13.54,80.58,16.33,166,1699,1865
83,2011-03-25,summer,2011,Mar,no,friday,yes,clear,10.83,12.82,49.5,15.46,300,1910,2210
84,2011-03-26,summer,2011,Mar,no,saturday,no,clear,10.9,12.88,39.42,14.04,981,1515,2496
85,2011-03-27,summer,2011,Mar,no,sunday,no,mist,10.37,12.52,49.39,12.35,472,1221,1693
86,2011-03-28,summer,2011,Mar,no,monday,yes,clear,10.84,12.88,30.22,14.22,222,1806,2028
87,2011-03-29,summer,2011,Mar,no,tuesday,yes,clear,12.4,14.65,31.42,15.21,317,2108,2425
88,2011-03-30,summer,2011,Mar,no,wednesday,yes,mist,12.3,14.87,64.67,11.58,168,1368,1536
89,2011-03-31,summer,2011,Mar,no,thursday ,yes,light rain,11.0,12.88,91.83,14.58,179,1506,1685
90,2011-04-01,summer,2011,Apr,no,friday,yes,mist,12.3,14.17,68.62,17.33,307,1920,2227
91,2011-04-02,summer,2011,Apr,no,saturday,no,mist,12.92,15.78,65.38,13.21,898,1354,2252
92,2011-04-03,summer,2011,Apr,no,sunday,no,clear,15.51,18.94,48.0,12.21,1651,1598,3249
93,2011-04-04,summer,2011,Apr,no,monday,yes,clear,23.51,27.15,42.62,25.83,734,2381,3115
94,2011-04-05,summer,2011,Apr,no,tuesday,yes,mist,16.98,19.92,64.21,26.0,167,1628,1795
95,2011-04-06,summer,2011,Apr,no,wednesday,yes,clear,16.02,19.38,47.08,17.63,413,2395,2808
96,2011-04-07,summer,2011,Apr,no,thursday ,yes,clear,17.94,21.68,60.29,10.87,571,2570,3141
97,2011-04-08,summer,2011,Apr,no,friday,yes,mist,13.77,16.22,83.62,15.21,172,1299,1471
98,2011-04-09,summer,2011,Apr,no,saturday,no,mist,14.04,17.08,87.75,8.92,879,1576,2455
99,2011-04-10,summer,2011,Apr,no,sunday,no,mist,17.49,21.34,85.75,9.83,1188,1707,2895
100,2011-04-11,summer,2011,Apr,no,monday,yes,mist,24.42,28.26,71.7,21.74,855,2493,3348
101,2011-04-12,summer,2011,Apr,no,tuesday,yes,mist,20.6,24.65,73.92,18.42,257,1777,2034
102,2011-04-13,summer,2011,Apr,no,wednesday,yes,mist,16.91,20.86,81.92,16.79,209,1953,2162
103,2011-04-14,summer,2011,Apr,no,thursday ,yes,clear,19.17,23.14,54.04,7.42,529,2738,3267
104,2011-04-15,summer,2011,Apr,yes,friday,no,clear,18.31,22.1,67.12,15.17,642,2484,3126
105,2011-04-16,summer,2011,Apr,no,saturday,no,light rain,17.66,21.27,88.83,22.83,121,674,795
106,2011-04-17,summer,2011,Apr,no,sunday,no,clear,18.72,22.28,47.96,20.33,1558,2186,3744
107,2011-04-18,summer,2011,Apr,no,monday,yes,clear,21.01,25.16,54.25,10.96,669,2760,3429
108,2011-04-19,summer,2011,Apr,no,tuesday,yes,mist,20.74,24.46,66.58,10.58,409,2795,3204
109,2011-04-20,summer,2011,Apr,no,wednesday,yes,clear,24.4,28.22,61.42,16.21,613,3331,3944
110,2011-04-21,summer,2011,Apr,no,thursday ,yes,clear,18.83,22.69,40.71,21.79,745,3444,4189
111,2011-04-22,summer,2011,Apr,no,friday,yes,mist,13.8,16.1,72.96,14.71,177,1506,1683
112,2011-04-23,summer,2011,Apr,no,saturday,no,mist,18.86,22.51,88.79,15.46,1462,2574,4036
113,2011-04-24,summer,2011,Apr,no,sunday,no,mist,23.85,27.59,81.08,12.88,1710,2481,4191
114,2011-04-25,summer,2011,Apr,no,monday,yes,clear,24.87,28.72,77.67,12.42,773,3300,4073
115,2011-04-26,summer,2011,Apr,no,tuesday,yes,clear,25.9,29.7,72.92,21.88,678,3722,4400
116,2011-04-27,summer,2011,Apr,no,wednesday,yes,mist,25.42,28.76,83.54,20.92,547,3325,3872
117,2011-04-28,summer,2011,Apr,no,thursday ,yes,mist,25.32,28.95,70.08,21.5,569,3489,4058
118,2011-04-29,summer,2011,Apr,no,friday,yes,clear,20.91,24.87,45.71,16.08,878,3717,4595
119,2011-04-30,summer,2011,Apr,no,saturday,no,clear,19.37,23.2,50.33,15.75,1965,3347,5312
120,2011-05-01,summer,2011,May,no,sunday,no,mist,18.52,22.41,76.21,7.13,1138,2213,3351
121,2011-05-02,summer,2011,May,no,monday,yes,mist,22.52,26.64,73.0,12.29,847,3554,4401
122,2011-05-03,summer,2011,May,no,tuesday,yes,mist,25.28,29.1,69.71,22.96,603,3848,4451
123,2011-05-04,summer,2011,May,no,wednesday,yes,mist,16.98,20.23,73.71,22.04,255,2378,2633
124,2011-05-05,summer,2011,May,no,thursday ,yes,clear,18.83,22.1,44.42,19.79,614,3819,4433
125,2011-05-06,summer,2011,May,no,friday,yes,clear,19.65,23.71,59.0,15.29,894,3714,4608
126,2011-05-07,summer,2011,May,no,saturday,no,clear,21.32,25.63,54.12,10.75,1612,3102,4714
127,2011-05-08,summer,2011,May,no,sunday,no,clear,21.66,25.95,63.17,5.0,1401,2932,4333
128,2011-05-09,summer,2011,May,no,monday,yes,clear,21.83,26.26,58.88,11.79,664,3698,4362
129,2011-05-10,summer,2011,May,no,tuesday,yes,clear,21.83,26.14,48.92,7.75,694,4109,4803
130,2011-05-11,summer,2011,May,no,wednesday,yes,clear,22.24,26.42,63.29,8.08,550,3632,4182
131,2011-05-12,summer,2011,May,no,thursday ,yes,clear,21.94,26.17,74.75,12.71,695,4169,4864
132,2011-05-13,summer,2011,May,no,friday,yes,mist,21.01,24.72,86.33,12.04,692,3413,4105
133,2011-05-14,summer,2011,May,no,saturday,no,mist,21.35,25.03,92.25,9.04,902,2507,3409
134,2011-05-15,summer,2011,May,no,sunday,no,mist,23.06,26.8,86.71,10.25,1582,2971,4553
135,2011-05-16,summer,2011,May,no,monday,yes,clear,23.68,27.53,78.79,8.5,773,3185,3958
136,2011-05-17,summer,2011,May,no,tuesday,yes,mist,23.03,26.93,83.79,18.58,678,3445,4123
137,2011-05-18,summer,2011,May,no,wednesday,yes,mist,22.55,26.36,87.0,13.5,536,3319,3855
138,2011-05-19,summer,2011,May,no,thursday ,yes,mist,21.76,25.54,82.96,7.25,735,3840,4575
139,2011-05-20,summer,2011,May,no,friday,yes,clear,22.0,26.45,71.96,8.38,909,4008,4917
140,2011-05-21,summer,2011,May,no,saturday,no,clear,24.7,28.6,62.67,8.08,2258,3547,5805
141,2011-05-22,summer,2011,May,no,sunday,no,clear,24.77,28.72,74.96,9.92,1576,3084,4660
142,2011-05-23,summer,2011,May,no,monday,yes,mist,25.9,29.51,81.0,15.67,836,3438,4274
143,2011-05-24,summer,2011,May,no,tuesday,yes,mist,27.06,30.24,74.08,13.88,659,3833,4492
144,2011-05-25,summer,2011,May,no,wednesday,yes,clear,27.09,30.78,69.62,10.33,740,4238,4978
145,2011-05-26,summer,2011,May,no,thursday ,yes,clear,29.04,32.73,67.75,13.38,758,3919,4677
146,2011-05-27,summer,2011,May,no,friday,yes,clear,27.95,31.85,65.38,16.13,871,3808,4679
147,2011-05-28,summer,2011,May,no,saturday,no,clear,26.89,30.62,72.96,15.42,2001,2757,4758
148,2011-05-29,summer,2011,May,no,sunday,no,clear,27.37,30.78,81.88,14.33,2355,2433,4788
149,2011-05-30,summer,2011,May,yes,monday,no,clear,30.07,33.55,68.5,8.79,1549,2549,4098
150,2011-05-31,summer,2011,May,no,tuesday,yes,clear,31.78,36.27,63.67,7.46,673,3309,3982
151,2011-06-01,summer,2011,Jun,no,wednesday,yes,mist,31.33,36.05,67.71,13.88,513,3461,3974
152,2011-06-02,summer,2011,Jun,no,thursday ,yes,clear,29.32,32.2,30.5,19.58,736,4232,4968
153,2011-06-03,summer,2011,Jun,no,friday,yes,clear,25.42,29.36,35.42,16.96,898,4414,5312
154,2011-06-04,summer,2011,Jun,no,saturday,no,clear,26.04,29.73,45.62,8.25,1869,3473,5342
155,2011-06-05,summer,2011,Jun,no,sunday,no,mist,26.58,30.84,65.25,9.29,1685,3221,4906
156,2011-06-06,summer,2011,Jun,no,monday,yes,clear,27.81,31.09,60.0,8.17,673,3875,4548
157,2011-06-07,summer,2011,Jun,no,tuesday,yes,clear,29.01,32.8,59.79,12.58,763,4070,4833
158,2011-06-08,summer,2011,Jun,no,wednesday,yes,clear,31.81,36.36,62.21,9.17,676,3725,4401
159,2011-06-09,summer,2011,Jun,no,thursday ,yes,mist,33.14,37.88,56.83,10.04,563,3352,3915
160,2011-06-10,summer,2011,Jun,no,friday,yes,clear,30.96,35.16,60.5,9.42,815,3771,4586
161,2011-06-11,summer,2011,Jun,no,saturday,no,clear,29.72,33.9,65.46,10.37,1729,3237,4966
162,2011-06-12,summer,2011,Jun,no,sunday,no,clear,28.39,32.17,74.79,10.96,1467,2993,4460
163,2011-06-13,summer,2011,Jun,no,monday,yes,clear,26.04,30.08,49.46,20.46,863,4157,5020
164,2011-06-14,summer,2011,Jun,no,tuesday,yes,clear,24.77,29.58,50.71,18.04,727,4164,4891
165,2011-06-15,summer,2011,Jun,no,wednesday,yes,clear,25.69,29.39,47.17,11.25,769,4411,5180
166,2011-06-16,summer,2011,Jun,no,thursday ,yes,mist,25.76,29.77,68.83,13.83,545,3222,3767
167,2011-06-17,summer,2011,Jun,no,friday,yes,clear,26.62,30.02,73.58,9.58,863,3981,4844
168,2011-06-18,summer,2011,Jun,no,saturday,no,clear,28.56,32.2,67.04,8.0,1807,3312,5119
169,2011-06-19,summer,2011,Jun,no,sunday,no,mist,28.67,32.29,66.67,6.83,1639,3105,4744
170,2011-06-20,summer,2011,Jun,no,monday,yes,mist,26.04,29.77,74.62,10.42,699,3311,4010
171,2011-06-21,fall,2011,Jun,no,tuesday,yes,mist,27.91,31.88,77.04,11.46,774,4061,4835
172,2011-06-22,fall,2011,Jun,no,wednesday,yes,clear,30.07,34.69,70.75,11.54,661,3846,4507
173,2011-06-23,fall,2011,Jun,no,thursday ,yes,mist,29.86,34.69,70.33,16.0,746,4044,4790
174,2011-06-24,fall,2011,Jun,no,friday,yes,clear,29.69,32.83,57.33,14.88,969,4022,4991
175,2011-06-25,fall,2011,Jun,no,saturday,no,clear,28.49,32.17,48.33,14.04,1782,3420,5202
176,2011-06-26,fall,2011,Jun,no,sunday,no,clear,27.88,31.88,51.33,6.33,1920,3385,5305
177,2011-06-27,fall,2011,Jun,no,monday,yes,mist,27.98,31.85,65.83,7.21,854,3854,4708
178,2011-06-28,fall,2011,Jun,no,tuesday,yes,clear,30.51,34.63,63.42,9.67,732,3916,4648
179,2011-06-29,fall,2011,Jun,no,wednesday,yes,clear,29.86,32.73,49.79,17.54,848,4377,5225
180,2011-06-30,fall,2011,Jun,no,thursday ,yes,clear,28.56,31.85,43.42,12.42,1027,4488,5515
181,2011-07-01,fall,2011,Jul,no,friday,yes,clear,29.62,32.61,39.62,6.87,1246,4116,5362
182,2011-07-02,fall,2011,Jul,no,saturday,no,clear,30.27,33.37,44.46,7.71,2204,2915,5119
183,2011-07-03,fall,2011,Jul,no,sunday,no,mist,29.38,33.43,68.25,15.33,2282,2367,4649
184,2011-07-04,fall,2011,Jul,yes,monday,no,mist,29.79,33.27,63.79,5.46,3065,2978,6043
185,2011-07-05,fall,2011,Jul,no,tuesday,yes,clear,30.61,34.82,59.04,8.46,1031,3634,4665
186,2011-07-06,fall,2011,Jul,no,wednesday,yes,clear,29.52,34.28,74.33,10.04,784,3845,4629
187,2011-07-07,fall,2011,Jul,no,thursday ,yes,clear,30.75,34.34,65.12,10.67,754,3838,4592
188,2011-07-08,fall,2011,Jul,no,friday,yes,mist,29.08,33.52,75.79,15.08,692,3348,4040
189,2011-07-09,fall,2011,Jul,no,saturday,no,clear,30.07,33.21,60.92,11.25,1988,3348,5336
190,2011-07-10,fall,2011,Jul,no,sunday,no,clear,30.65,34.5,57.83,12.29,1743,3138,4881
191,2011-07-11,fall,2011,Jul,no,monday,yes,clear,31.26,36.49,63.58,18.92,723,3363,4086
192,2011-07-12,fall,2011,Jul,no,tuesday,yes,clear,32.56,36.96,55.92,13.42,662,3596,4258
193,2011-07-13,fall,2011,Jul,no,wednesday,yes,clear,30.61,34.47,63.17,9.79,748,3594,4342
194,2011-07-14,fall,2011,Jul,no,thursday ,yes,clear,27.91,31.76,47.62,16.12,888,4196,5084
195,2011-07-15,fall,2011,Jul,no,friday,yes,clear,27.2,31.22,59.13,12.25,1318,4220,5538
196,2011-07-16,fall,2011,Jul,no,saturday,no,clear,28.15,31.91,58.5,13.96,2418,3505,5923
197,2011-07-17,fall,2011,Jul,no,sunday,no,clear,29.49,33.49,60.42,16.42,2006,3296,5302
198,2011-07-18,fall,2011,Jul,no,monday,yes,clear,30.61,35.2,65.12,14.46,841,3617,4458
199,2011-07-19,fall,2011,Jul,no,tuesday,yes,clear,31.84,37.37,65.04,8.75,752,3789,4541
200,2011-07-20,fall,2011,Jul,no,wednesday,yes,clear,31.5,37.34,70.71,7.63,644,3688,4332
201,2011-07-21,fall,2011,Jul,no,thursday ,yes,mist,33.42,41.32,69.12,14.88,632,3152,3784
202,2011-07-22,fall,2011,Jul,no,friday,yes,clear,34.78,42.04,58.04,8.92,562,2825,3387
203,2011-07-23,fall,2011,Jul,no,saturday,no,clear,34.82,40.21,50.0,8.79,987,2298,3285
204,2011-07-24,fall,2011,Jul,no,sunday,no,clear,34.03,39.74,55.08,11.33,1050,2556,3606
205,2011-07-25,fall,2011,Jul,no,monday,yes,clear,30.48,36.05,75.71,6.08,568,3272,3840
206,2011-07-26,fall,2011,Jul,no,tuesday,yes,clear,31.64,34.85,54.08,13.42,750,3840,4590
207,2011-07-27,fall,2011,Jul,no,wednesday,yes,clear,31.78,34.53,40.29,12.29,755,3901,4656
208,2011-07-28,fall,2011,Jul,no,thursday ,yes,clear,31.95,36.99,58.33,11.96,606,3784,4390
209,2011-07-29,fall,2011,Jul,no,friday,yes,clear,34.37,39.3,54.25,11.67,670,3176,3846
210,2011-07-30,fall,2011,Jul,no,saturday,no,clear,32.97,36.43,46.58,11.29,1559,2916,4475
211,2011-07-31,fall,2011,Jul,no,sunday,no,clear,33.04,36.49,48.08,11.04,1524,2778,4302
212,2011-08-01,fall,2011,Aug,no,monday,yes,clear,31.64,35.16,55.08,10.5,729,3537,4266
213,2011-08-02,fall,2011,Aug,no,tuesday,yes,clear,32.12,35.35,49.12,13.79,801,4044,4845
214,2011-08-03,fall,2011,Aug,no,wednesday,yes,mist,30.0,34.0,65.75,9.08,467,3107,3574
215,2011-08-04,fall,2011,Aug,no,thursday ,yes,mist,29.11,33.24,75.75,13.21,799,3777,4576
216,2011-08-05,fall,2011,Aug,no,friday,yes,clear,29.14,32.83,63.08,12.37,1023,3843,4866
217,2011-08-06,fall,2011,Aug,no,saturday,no,mist,29.38,33.81,75.5,15.29,1521,2773,4294
218,2011-08-07,fall,2011,Aug,no,sunday,no,clear,30.44,35.76,75.29,13.5,1298,2487,3785
219,2011-08-08,fall,2011,Aug,no,monday,yes,clear,31.36,35.16,59.21,12.88,846,3480,4326
220,2011-08-09,fall,2011,Aug,no,tuesday,yes,clear,31.78,36.21,57.04,10.13,907,3695,4602
221,2011-08-10,fall,2011,Aug,no,wednesday,yes,clear,31.43,34.25,42.42,13.42,884,3896,4780
222,2011-08-11,fall,2011,Aug,no,thursday ,yes,clear,29.42,32.58,42.38,11.04,812,3980,4792
223,2011-08-12,fall,2011,Aug,no,friday,yes,clear,29.04,32.7,41.5,8.42,1051,3854,4905
224,2011-08-13,fall,2011,Aug,no,saturday,no,mist,28.12,32.29,72.96,14.17,1504,2646,4150
225,2011-08-14,fall,2011,Aug,no,sunday,no,mist,27.74,31.22,81.75,14.92,1338,2482,3820
226,2011-08-15,fall,2011,Aug,no,monday,yes,clear,27.3,30.81,71.21,14.0,775,3563,4338
227,2011-08-16,fall,2011,Aug,no,tuesday,yes,clear,28.73,32.29,57.83,15.83,721,4004,4725
228,2011-08-17,fall,2011,Aug,no,wednesday,yes,clear,29.66,33.33,57.54,9.63,668,4026,4694
229,2011-08-18,fall,2011,Aug,no,thursday ,yes,clear,29.18,33.11,65.46,15.62,639,3166,3805
230,2011-08-19,fall,2011,Aug,no,friday,yes,mist,28.08,31.66,72.29,9.33,797,3356,4153
231,2011-08-20,fall,2011,Aug,no,saturday,no,clear,28.6,32.45,67.42,7.0,1914,3277,5191
232,2011-08-21,fall,2011,Aug,no,sunday,no,clear,29.14,33.78,77.0,16.67,1249,2624,3873
233,2011-08-22,fall,2011,Aug,no,monday,yes,clear,28.36,31.91,47.0,18.54,833,3925,4758
234,2011-08-23,fall,2011,Aug,no,tuesday,yes,clear,26.27,30.3,45.54,9.83,1281,4614,5895
235,2011-08-24,fall,2011,Aug,no,wednesday,yes,clear,27.61,31.53,60.5,16.96,949,4181,5130
236,2011-08-25,fall,2011,Aug,no,thursday ,yes,mist,28.05,32.29,77.17,14.13,435,3107,3542
237,2011-08-26,fall,2011,Aug,no,friday,yes,clear,28.7,32.99,76.12,5.63,768,3893,4661
238,2011-08-27,fall,2011,Aug,no,saturday,no,mist,27.88,31.78,85.0,25.17,226,889,1115
239,2011-08-28,fall,2011,Aug,no,sunday,no,clear,28.99,32.4,56.18,20.41,1415,2919,4334
240,2011-08-29,fall,2011,Aug,no,monday,yes,clear,26.1,30.4,55.46,10.71,729,3905,4634
241,2011-08-30,fall,2011,Aug,no,tuesday,yes,clear,26.21,29.74,54.83,8.38,775,4429,5204
242,2011-08-31,fall,2011,Aug,no,wednesday,yes,clear,26.92,30.56,59.79,5.58,688,4370,5058
243,2011-09-01,fall,2011,Sep,no,thursday ,yes,clear,26.86,30.75,63.92,9.5,783,4332,5115
244,2011-09-02,fall,2011,Sep,no,friday,yes,mist,26.38,30.24,72.71,9.38,875,3852,4727
245,2011-09-03,fall,2011,Sep,no,saturday,no,clear,27.44,31.66,71.67,12.42,1935,2549,4484
246,2011-09-04,fall,2011,Sep,no,sunday,no,clear,29.08,33.27,74.21,13.83,2521,2419,4940
247,2011-09-05,fall,2011,Sep,yes,monday,no,mist,27.61,31.28,79.04,14.25,1236,2115,3351
248,2011-09-06,fall,2011,Sep,no,tuesday,yes,light rain,22.14,25.76,88.7,23.04,204,2506,2710
249,2011-09-07,fall,2011,Sep,no,wednesday,yes,light rain,24.57,27.21,91.71,6.5,118,1878,1996
250,2011-09-08,fall,2011,Sep,no,thursday ,yes,light rain,25.99,27.77,93.96,12.91,153,1689,1842
251,2011-09-09,fall,2011,Sep,no,friday,yes,mist,26.65,28.95,89.79,8.33,417,3127,3544
252,2011-09-10,fall,2011,Sep,no,saturday,no,clear,27.06,30.4,75.38,10.29,1750,3595,5345
253,2011-09-11,fall,2011,Sep,no,sunday,no,clear,26.79,30.46,71.38,7.71,1633,3413,5046
254,2011-09-12,fall,2011,Sep,no,monday,yes,clear,26.42,30.11,69.22,5.96,690,4023,4713
255,2011-09-13,fall,2011,Sep,no,tuesday,yes,clear,26.68,30.18,71.25,9.5,701,4062,4763
256,2011-09-14,fall,2011,Sep,no,wednesday,yes,clear,27.61,31.34,69.71,11.21,647,4138,4785
257,2011-09-15,fall,2011,Sep,no,thursday ,yes,mist,23.68,27.68,70.92,18.17,428,3231,3659
258,2011-09-16,fall,2011,Sep,no,friday,yes,mist,19.24,23.07,59.04,11.0,742,4018,4760
259,2011-09-17,fall,2011,Sep,no,saturday,no,mist,20.16,23.93,71.83,12.71,1434,3077,4511
260,2011-09-18,fall,2011,Sep,no,sunday,no,clear,20.81,24.53,69.5,11.96,1353,2921,4274
261,2011-09-19,fall,2011,Sep,no,monday,yes,mist,22.52,26.48,69.0,10.17,691,3848,4539
262,2011-09-20,fall,2011,Sep,no,tuesday,yes,mist,23.03,26.61,88.12,9.04,438,3203,3641
263,2011-09-21,fall,2011,Sep,no,wednesday,yes,mist,24.4,27.53,90.0,6.46,539,3813,4352
264,2011-09-22,fall,2011,Sep,no,thursday ,yes,mist,25.76,27.75,90.21,8.58,555,4240,4795
265,2011-09-23,winter,2011,Sep,no,friday,yes,mist,24.98,26.11,97.25,5.25,258,2137,2395
266,2011-09-24,winter,2011,Sep,no,saturday,no,mist,24.87,28.22,86.25,5.25,1776,3647,5423
267,2011-09-25,winter,2011,Sep,no,sunday,no,mist,26.0,28.63,84.5,3.38,1544,3466,5010
268,2011-09-26,winter,2011,Sep,no,monday,yes,mist,26.62,29.45,84.83,7.42,684,3946,4630
269,2011-09-27,winter,2011,Sep,no,tuesday,yes,mist,26.1,28.73,88.54,7.92,477,3643,4120
270,2011-09-28,winter,2011,Sep,no,wednesday,yes,mist,26.04,28.76,84.88,9.96,480,3427,3907
271,2011-09-29,winter,2011,Sep,no,thursday ,yes,clear,25.28,28.73,69.92,11.58,653,4186,4839
272,2011-09-30,winter,2011,Sep,no,friday,yes,clear,23.13,27.24,64.75,13.83,830,4372,5202
273,2011-10-01,winter,2011,Oct,no,saturday,no,mist,16.81,20.64,75.38,19.58,480,1949,2429
274,2011-10-02,winter,2011,Oct,no,sunday,no,mist,14.62,17.27,79.17,14.87,616,2302,2918
275,2011-10-03,winter,2011,Oct,no,monday,yes,mist,15.75,19.6,76.08,5.58,330,3240,3570
276,2011-10-04,winter,2011,Oct,no,tuesday,yes,clear,19.85,23.64,71.0,13.79,486,3970,4456
277,2011-10-05,winter,2011,Oct,no,wednesday,yes,clear,22.07,26.36,64.79,11.88,559,4267,4826
278,2011-10-06,winter,2011,Oct,no,thursday ,yes,clear,20.26,24.02,62.08,9.04,639,4126,4765
279,2011-10-07,winter,2011,Oct,no,friday,yes,clear,20.94,25.22,68.42,1.5,949,4036,4985
280,2011-10-08,winter,2011,Oct,no,saturday,no,clear,21.39,25.66,70.12,3.04,2235,3174,5409
281,2011-10-09,winter,2011,Oct,no,sunday,no,clear,22.17,26.2,72.75,4.25,2397,3114,5511
282,2011-10-10,winter,2011,Oct,yes,monday,no,clear,23.4,27.15,73.38,2.83,1514,3603,5117
283,2011-10-11,winter,2011,Oct,no,tuesday,yes,mist,23.23,27.3,80.88,9.58,667,3896,4563
284,2011-10-12,winter,2011,Oct,no,wednesday,yes,light rain,22.28,25.89,90.62,16.63,217,2199,2416
285,2011-10-13,winter,2011,Oct,no,thursday ,yes,mist,24.16,27.59,89.67,9.5,290,2623,2913
286,2011-10-14,winter,2011,Oct,no,friday,yes,mist,22.58,26.48,71.62,15.0,529,3115,3644
287,2011-10-15,winter,2011,Oct,no,saturday,no,clear,20.77,24.94,48.33,17.29,1899,3318,5217
288,2011-10-16,winter,2011,Oct,no,sunday,no,clear,20.98,25.16,48.67,18.88,1748,3293,5041
289,2011-10-17,winter,2011,Oct,no,monday,yes,clear,21.9,25.54,57.96,11.75,713,3857,4570
290,2011-10-18,winter,2011,Oct,no,tuesday,yes,mist,21.83,26.14,70.17,7.38,637,4111,4748
291,2011-10-19,winter,2011,Oct,no,wednesday,yes,light rain,22.21,25.69,89.52,16.3,254,2170,2424
292,2011-10-20,winter,2011,Oct,no,thursday ,yes,clear,19.51,23.33,63.62,28.29,471,3724,4195
293,2011-10-21,winter,2011,Oct,no,friday,yes,clear,17.53,21.18,57.42,14.83,676,3628,4304
294,2011-10-22,winter,2011,Oct,no,saturday,no,clear,17.32,21.27,62.92,6.21,1499,2809,4308
295,2011-10-23,winter,2011,Oct,no,sunday,no,clear,17.29,21.12,74.12,6.67,1619,2762,4381
296,2011-10-24,winter,2011,Oct,no,monday,yes,clear,19.0,22.85,77.21,7.96,699,3488,4187
297,2011-10-25,winter,2011,Oct,no,tuesday,yes,clear,19.34,23.17,62.29,11.17,695,3992,4687
298,2011-10-26,winter,2011,Oct,no,wednesday,yes,mist,19.85,23.64,72.04,9.96,404,3490,3894
299,2011-10-27,winter,2011,Oct,no,thursday ,yes,mist,19.27,22.85,81.29,13.25,240,2419,2659
300,2011-10-28,winter,2011,Oct,no,friday,yes,mist,13.56,15.94,58.58,15.38,456,3291,3747
301,2011-10-29,winter,2011,Oct,no,saturday,no,light rain,10.42,11.4,88.25,23.54,57,570,627
302,2011-10-30,winter,2011,Oct,no,sunday,no,clear,13.09,16.07,62.38,11.83,885,2446,3331
303,2011-10-31,winter,2011,Oct,no,monday,yes,clear,13.94,17.8,70.33,7.13,362,3307,3669
304,2011-11-01,winter,2011,Nov,no,tuesday,yes,clear,16.43,19.85,68.38,9.08,410,3658,4068
305,2011-11-02,winter,2011,Nov,no,wednesday,yes,clear,15.48,19.51,71.88,5.5,370,3816,4186
306,2011-11-03,winter,2011,Nov,no,thursday ,yes,clear,16.74,20.3,70.21,9.17,318,3656,3974
307,2011-11-04,winter,2011,Nov,no,friday,yes,mist,16.54,20.17,62.25,18.21,470,3576,4046
308,2011-11-05,winter,2011,Nov,no,saturday,no,clear,13.39,16.19,51.92,12.67,1156,2770,3926
309,2011-11-06,winter,2011,Nov,no,sunday,no,clear,14.28,18.12,73.46,6.17,952,2697,3649
310,2011-11-07,winter,2011,Nov,no,monday,yes,clear,16.2,20.04,75.88,3.83,373,3662,4035
311,2011-11-08,winter,2011,Nov,no,tuesday,yes,clear,16.74,20.61,72.17,4.63,376,3829,4205
312,2011-11-09,winter,2011,Nov,no,wednesday,yes,clear,16.4,20.45,75.83,4.17,305,3804,4109
313,2011-11-10,winter,2011,Nov,no,thursday ,yes,mist,15.58,18.69,81.33,12.67,190,2743,2933
314,2011-11-11,winter,2011,Nov,yes,friday,no,clear,13.29,15.34,44.62,21.08,440,2928,3368
315,2011-11-12,winter,2011,Nov,no,saturday,no,clear,14.62,17.9,55.29,14.21,1275,2792,4067
316,2011-11-13,winter,2011,Nov,no,sunday,no,clear,18.07,21.53,45.83,18.88,1004,2713,3717
317,2011-11-14,winter,2011,Nov,no,monday,yes,clear,21.73,26.23,58.71,20.54,595,3891,4486
318,2011-11-15,winter,2011,Nov,no,tuesday,yes,mist,21.73,25.38,68.88,13.38,449,3746,4195
319,2011-11-16,winter,2011,Nov,no,wednesday,yes,light rain,18.72,22.6,93.0,9.17,145,1672,1817
320,2011-11-17,winter,2011,Nov,no,thursday ,yes,mist,14.01,16.16,57.58,20.46,139,2914,3053
321,2011-11-18,winter,2011,Nov,no,friday,yes,clear,11.24,13.64,41.0,11.29,245,3147,3392
322,2011-11-19,winter,2011,Nov,no,saturday,no,clear,13.5,16.22,50.21,15.04,943,2720,3663
323,2011-11-20,winter,2011,Nov,no,sunday,no,mist,19.0,22.85,68.46,12.46,787,2733,3520
324,2011-11-21,winter,2011,Nov,no,monday,yes,light rain,18.35,22.25,91.0,9.25,220,2545,2765
325,2011-11-22,winter,2011,Nov,no,tuesday,yes,light rain,17.08,21.08,96.25,7.96,69,1538,1607
326,2011-11-23,winter,2011,Nov,no,wednesday,yes,mist,18.07,21.53,75.79,22.5,112,2454,2566
327,2011-11-24,winter,2011,Nov,yes,thursday ,no,clear,15.31,18.62,54.92,11.21,560,935,1495
328,2011-11-25,winter,2011,Nov,no,friday,yes,clear,15.38,19.03,64.38,6.63,1095,1697,2792
329,2011-11-26,winter,2011,Nov,no,saturday,no,clear,15.41,19.25,68.17,4.58,1249,1819,3068
330,2011-11-27,winter,2011,Nov,no,sunday,no,clear,18.83,22.79,69.83,14.0,810,2261,3071
331,2011-11-28,winter,2011,Nov,no,monday,yes,clear,20.64,24.51,74.3,9.52,253,3614,3867
332,2011-11-29,winter,2011,Nov,no,tuesday,yes,mist,18.79,22.57,83.08,17.29,96,2818,2914
333,2011-11-30,winter,2011,Nov,no,wednesday,yes,clear,13.32,15.56,61.33,18.17,188,3425,3613
334,2011-12-01,winter,2011,Dec,no,thursday ,yes,clear,12.81,15.28,52.46,14.75,182,3545,3727
335,2011-12-02,winter,2011,Dec,no,friday,yes,clear,12.88,16.57,62.58,6.75,268,3672,3940
336,2011-12-03,winter,2011,Dec,no,saturday,no,clear,12.27,15.53,61.29,6.42,706,2908,3614
337,2011-12-04,winter,2011,Dec,no,sunday,no,clear,13.56,17.46,77.58,5.63,634,2851,3485
338,2011-12-05,winter,2011,Dec,no,monday,yes,mist,15.82,19.7,82.71,4.17,233,3578,3811
339,2011-12-06,winter,2011,Dec,no,tuesday,yes,light rain,18.96,22.82,94.96,15.58,126,2468,2594
340,2011-12-07,winter,2011,Dec,no,wednesday,yes,light rain,16.81,20.01,97.04,17.83,50,655,705
341,2011-12-08,winter,2011,Dec,no,thursday ,yes,clear,10.9,12.85,58.0,16.08,150,3172,3322
342,2011-12-09,winter,2011,Dec,no,friday,yes,clear,11.92,15.88,69.58,5.54,261,3359,3620
343,2011-12-10,winter,2011,Dec,no,saturday,no,clear,11.28,13.32,50.75,15.63,502,2688,3190
344,2011-12-11,winter,2011,Dec,no,sunday,no,clear,9.05,12.66,49.0,4.46,377,2366,2743
345,2011-12-12,winter,2011,Dec,no,monday,yes,clear,9.77,13.51,67.08,4.25,143,3167,3310
346,2011-12-13,winter,2011,Dec,no,tuesday,yes,clear,11.58,15.06,59.0,9.42,155,3368,3523
347,2011-12-14,winter,2011,Dec,no,wednesday,yes,mist,13.02,16.92,66.38,4.08,178,3562,3740
348,2011-12-15,winter,2011,Dec,no,thursday ,yes,mist,17.32,20.61,63.42,17.96,181,3528,3709
349,2011-12-16,winter,2011,Dec,no,friday,yes,mist,15.38,17.99,50.04,17.46,178,3399,3577
350,2011-12-17,winter,2011,Dec,no,saturday,no,mist,10.59,12.47,56.08,16.29,275,2464,2739
351,2011-12-18,winter,2011,Dec,no,sunday,no,clear,9.77,12.28,58.63,11.38,220,2211,2431
352,2011-12-19,winter,2011,Dec,no,monday,yes,clear,11.34,14.05,63.75,11.58,260,3143,3403
353,2011-12-20,winter,2011,Dec,no,tuesday,yes,mist,15.82,19.82,59.54,4.13,216,3534,3750
354,2011-12-21,springer,2011,Dec,no,wednesday,yes,mist,17.56,21.4,85.83,14.83,107,2553,2660
355,2011-12-22,springer,2011,Dec,no,thursday ,yes,mist,17.36,21.31,75.75,3.17,227,2841,3068
356,2011-12-23,springer,2011,Dec,no,friday,yes,clear,15.31,18.88,68.62,18.37,163,2046,2209
357,2011-12-24,springer,2011,Dec,no,saturday,no,clear,12.4,14.96,54.25,12.75,155,856,1011
358,2011-12-25,springer,2011,Dec,no,sunday,no,clear,11.27,14.0,68.13,10.39,303,451,754
359,2011-12-26,springer,2011,Dec,yes,monday,no,clear,13.19,15.78,50.7,16.04,430,887,1317
360,2011-12-27,springer,2011,Dec,no,tuesday,yes,mist,13.32,16.38,76.25,12.63,103,1059,1162
361,2011-12-28,springer,2011,Dec,no,wednesday,yes,clear,12.26,14.0,50.39,19.7,255,2047,2302
362,2011-12-29,springer,2011,Dec,no,thursday ,yes,clear,10.18,13.19,57.42,8.0,254,2169,2423
363,2011-12-30,springer,2011,Dec,no,friday,yes,clear,12.78,15.94,63.67,9.0,491,2508,2999
364,2011-12-31,springer,2011,Dec,no,saturday,no,clear,16.81,20.71,61.58,14.75,665,1820,2485
365,2012-01-01,springer,2012,Jan,no,sunday,no,clear,15.17,18.78,69.25,12.88,686,1608,2294
366,2012-01-02,springer,2012,Jan,yes,monday,no,clear,11.19,12.62,38.13,22.09,244,1707,1951
367,2012-01-03,springer,2012,Jan,no,tuesday,yes,clear,6.15,6.31,44.12,24.5,89,2147,2236
368,2012-01-04,springer,2012,Jan,no,wednesday,yes,mist,4.41,5.97,41.46,12.37,95,2273,2368
369,2012-01-05,springer,2012,Jan,no,thursday ,yes,clear,10.9,13.92,52.42,8.71,140,3132,3272
370,2012-01-06,springer,2012,Jan,no,friday,yes,clear,13.7,17.01,54.21,11.25,307,3791,4098
371,2012-01-07,springer,2012,Jan,no,saturday,no,clear,16.13,19.54,53.17,11.71,1070,3451,4521
372,2012-01-08,springer,2012,Jan,no,sunday,no,clear,13.84,17.01,46.5,12.83,599,2826,3425
373,2012-01-09,springer,2012,Jan,no,monday,yes,mist,9.19,12.37,70.17,6.63,106,2270,2376
374,2012-01-10,springer,2012,Jan,no,tuesday,yes,clear,12.66,15.94,64.65,12.57,173,3425,3598
375,2012-01-11,springer,2012,Jan,no,wednesday,yes,mist,11.24,14.14,84.75,8.79,92,2085,2177
376,2012-01-12,springer,2012,Jan,no,thursday ,yes,mist,15.68,19.1,80.29,12.12,269,3828,4097
377,2012-01-13,springer,2012,Jan,no,friday,yes,clear,11.24,12.47,50.75,25.33,174,3040,3214
378,2012-01-14,springer,2012,Jan,no,saturday,no,clear,7.38,9.15,45.75,12.54,333,2160,2493
379,2012-01-15,springer,2012,Jan,no,sunday,no,clear,6.83,8.08,41.92,16.83,284,2027,2311
380,2012-01-16,springer,2012,Jan,yes,monday,no,clear,7.79,9.53,52.25,15.5,217,2081,2298
381,2012-01-17,springer,2012,Jan,no,tuesday,yes,mist,15.29,18.21,71.61,23.39,127,2808,2935
382,2012-01-18,springer,2012,Jan,no,wednesday,yes,clear,12.44,13.76,44.33,27.83,109,3267,3376
383,2012-01-19,springer,2012,Jan,no,thursday ,yes,clear,7.79,9.5,49.75,14.75,130,3162,3292
384,2012-01-20,springer,2012,Jan,no,friday,yes,mist,8.92,11.05,45.0,13.58,115,3048,3163
385,2012-01-21,springer,2012,Jan,no,saturday,no,mist,7.11,8.74,83.12,14.92,67,1234,1301
386,2012-01-22,springer,2012,Jan,no,sunday,no,mist,6.66,8.11,79.62,13.38,196,1781,1977
387,2012-01-23,springer,2012,Jan,no,monday,yes,mist,8.95,12.15,91.12,7.42,145,2287,2432
388,2012-01-24,springer,2012,Jan,no,tuesday,yes,clear,14.04,17.46,83.58,8.29,439,3900,4339
389,2012-01-25,springer,2012,Jan,no,wednesday,yes,clear,12.06,14.74,64.38,10.79,467,3803,4270
390,2012-01-26,springer,2012,Jan,no,thursday ,yes,mist,14.01,17.8,76.96,4.92,244,3831,4075
391,2012-01-27,springer,2012,Jan,no,friday,yes,mist,17.42,20.77,74.12,22.96,269,3187,3456
392,2012-01-28,springer,2012,Jan,no,saturday,no,clear,12.95,16.32,54.33,14.13,775,3248,4023
393,2012-01-29,springer,2012,Jan,no,sunday,no,clear,11.58,13.64,31.13,16.08,558,2685,3243
394,2012-01-30,springer,2012,Jan,no,monday,yes,clear,11.04,13.13,40.08,14.46,126,3498,3624
395,2012-01-31,springer,2012,Jan,no,tuesday,yes,clear,15.99,19.07,41.67,17.54,324,4185,4509
396,2012-02-01,springer,2012,Feb,no,wednesday,yes,clear,19.24,23.33,50.79,12.67,304,4275,4579
397,2012-02-02,springer,2012,Feb,no,thursday ,yes,mist,16.37,19.95,67.29,12.54,190,3571,3761
398,2012-02-03,springer,2012,Feb,no,friday,yes,clear,12.85,15.47,52.67,11.96,310,3841,4151
399,2012-02-04,springer,2012,Feb,no,saturday,no,mist,10.83,13.64,77.96,8.17,384,2448,2832
400,2012-02-05,springer,2012,Feb,no,sunday,no,mist,10.9,13.23,68.79,11.79,318,2629,2947
401,2012-02-06,springer,2012,Feb,no,monday,yes,clear,11.59,14.82,62.22,10.3,206,3578,3784
402,2012-02-07,springer,2012,Feb,no,tuesday,yes,clear,14.52,18.06,49.62,9.87,199,4176,4375
403,2012-02-08,springer,2012,Feb,no,wednesday,yes,mist,10.52,13.32,72.29,8.96,109,2693,2802
404,2012-02-09,springer,2012,Feb,no,thursday ,yes,clear,10.86,13.1,56.21,13.0,163,3667,3830
405,2012-02-10,springer,2012,Feb,no,friday,yes,mist,11.51,14.68,54.0,7.83,227,3604,3831
406,2012-02-11,springer,2012,Feb,no,saturday,no,light rain,9.19,10.54,73.12,19.42,192,1977,2169
407,2012-02-12,springer,2012,Feb,no,sunday,no,clear,5.23,5.08,46.46,27.42,73,1456,1529
408,2012-02-13,springer,2012,Feb,no,monday,yes,clear,9.12,11.4,41.12,11.21,94,3328,3422
409,2012-02-14,springer,2012,Feb,no,tuesday,yes,mist,13.09,16.7,50.88,9.46,135,3787,3922
410,2012-02-15,springer,2012,Feb,no,wednesday,yes,clear,14.28,17.58,53.12,12.17,141,4028,4169
411,2012-02-16,springer,2012,Feb,no,thursday ,yes,mist,12.98,16.51,75.29,6.13,74,2931,3005
412,2012-02-17,springer,2012,Feb,no,friday,yes,clear,14.08,17.58,63.46,13.79,349,3805,4154
413,2012-02-18,springer,2012,Feb,no,saturday,no,clear,14.21,17.77,53.46,12.79,1435,2883,4318
414,2012-02-19,springer,2012,Feb,no,sunday,no,mist,11.48,13.29,51.58,16.96,618,2071,2689
415,2012-02-20,springer,2012,Feb,yes,monday,no,clear,11.48,13.67,50.78,15.35,502,2627,3129
416,2012-02-21,springer,2012,Feb,no,tuesday,yes,clear,11.8,14.76,59.43,13.78,163,3614,3777
417,2012-02-22,springer,2012,Feb,no,wednesday,yes,clear,16.23,19.63,56.79,15.71,394,4379,4773
418,2012-02-23,springer,2012,Feb,no,thursday ,yes,clear,18.62,22.22,55.46,12.79,516,4546,5062
419,2012-02-24,springer,2012,Feb,no,friday,yes,mist,16.71,20.55,73.75,15.92,246,3241,3487
420,2012-02-25,springer,2012,Feb,no,saturday,no,clear,11.92,12.78,39.58,28.25,317,2415,2732
421,2012-02-26,springer,2012,Feb,no,sunday,no,clear,11.45,13.42,41.0,13.75,515,2874,3389
422,2012-02-27,springer,2012,Feb,no,monday,yes,clear,15.03,17.9,49.08,17.96,253,4069,4322
423,2012-02-28,springer,2012,Feb,no,tuesday,yes,clear,14.73,17.68,39.58,12.96,229,4134,4363
424,2012-02-29,springer,2012,Feb,no,wednesday,yes,mist,14.12,17.42,80.48,12.0,65,1769,1834
425,2012-03-01,springer,2012,Mar,no,thursday ,yes,clear,19.92,23.77,61.54,15.21,325,4665,4990
426,2012-03-02,springer,2012,Mar,no,friday,yes,mist,14.49,17.99,65.71,9.71,246,2948,3194
427,2012-03-03,springer,2012,Mar,no,saturday,no,mist,16.98,20.67,62.12,10.79,956,3110,4066
428,2012-03-04,springer,2012,Mar,no,sunday,no,clear,13.36,15.15,40.33,22.42,710,2713,3423
429,2012-03-05,springer,2012,Mar,no,monday,yes,clear,9.98,12.06,50.62,15.33,203,3130,3333
430,2012-03-06,springer,2012,Mar,no,tuesday,yes,clear,10.59,12.75,45.67,13.46,221,3735,3956
431,2012-03-07,springer,2012,Mar,no,wednesday,yes,clear,16.57,19.26,51.33,23.17,432,4484,4916
432,2012-03-08,springer,2012,Mar,no,thursday ,yes,clear,21.63,26.23,56.75,29.58,486,4896,5382
433,2012-03-09,springer,2012,Mar,no,friday,yes,mist,16.84,19.85,40.71,27.79,447,4122,4569
434,2012-03-10,springer,2012,Mar,no,saturday,no,clear,11.79,13.89,35.04,15.13,968,3150,4118
435,2012-03-11,springer,2012,Mar,no,sunday,no,clear,14.83,17.98,47.7,14.91,1658,3253,4911
436,2012-03-12,springer,2012,Mar,no,monday,yes,clear,19.13,22.98,48.92,13.92,838,4460,5298
437,2012-03-13,springer,2012,Mar,no,tuesday,yes,clear,23.16,27.15,61.75,15.88,762,5085,5847
438,2012-03-14,springer,2012,Mar,no,wednesday,yes,clear,23.47,27.43,50.71,7.71,997,5315,6312
439,2012-03-15,springer,2012,Mar,no,thursday ,yes,clear,22.86,26.64,57.96,10.04,1005,5187,6192
440,2012-03-16,springer,2012,Mar,no,friday,yes,mist,17.87,21.81,84.21,7.58,548,3830,4378
441,2012-03-17,springer,2012,Mar,no,saturday,no,mist,21.08,25.25,75.58,7.42,3155,4681,7836
442,2012-03-18,springer,2012,Mar,no,sunday,no,mist,19.37,23.2,81.0,8.5,2207,3685,5892
443,2012-03-19,springer,2012,Mar,no,monday,yes,clear,22.35,26.64,72.88,10.88,982,5171,6153
444,2012-03-20,springer,2012,Mar,no,tuesday,yes,clear,22.99,26.93,80.79,8.13,1051,5042,6093
445,2012-03-21,summer,2012,Mar,no,wednesday,yes,mist,21.8,25.66,82.12,6.0,1122,5108,6230
446,2012-03-22,summer,2012,Mar,no,thursday ,yes,clear,22.72,26.58,83.12,7.88,1334,5537,6871
447,2012-03-23,summer,2012,Mar,no,friday,yes,mist,24.67,28.5,69.42,7.79,2469,5893,8362
448,2012-03-24,summer,2012,Mar,no,saturday,no,mist,20.6,24.34,88.54,12.92,1033,2339,3372
449,2012-03-25,summer,2012,Mar,no,sunday,no,mist,17.94,21.87,88.08,14.79,1532,3464,4996
450,2012-03-26,summer,2012,Mar,no,monday,yes,clear,18.28,21.94,47.79,25.92,795,4763,5558
451,2012-03-27,summer,2012,Mar,no,tuesday,yes,clear,13.26,15.78,29.0,12.54,531,4571,5102
452,2012-03-28,summer,2012,Mar,no,wednesday,yes,clear,19.85,23.55,48.12,19.54,674,5024,5698
453,2012-03-29,summer,2012,Mar,no,thursday ,yes,clear,20.26,24.12,43.92,21.42,834,5299,6133
454,2012-03-30,summer,2012,Mar,no,friday,yes,mist,15.17,18.78,58.08,9.25,796,4663,5459
455,2012-03-31,summer,2012,Mar,no,saturday,no,mist,17.39,21.09,73.83,16.79,2301,3934,6235
456,2012-04-01,summer,2012,Apr,no,sunday,no,mist,17.46,20.86,67.62,11.54,2347,3694,6041
457,2012-04-02,summer,2012,Apr,no,monday,yes,clear,17.79,21.38,50.43,20.91,1208,4728,5936
458,2012-04-03,summer,2012,Apr,no,tuesday,yes,clear,19.13,23.07,39.67,6.71,1348,5424,6772
459,2012-04-04,summer,2012,Apr,no,wednesday,yes,clear,22.21,26.67,46.96,12.13,1058,5378,6436
460,2012-04-05,summer,2012,Apr,no,thursday ,yes,clear,17.84,21.56,37.42,14.71,1192,5265,6457
461,2012-04-06,summer,2012,Apr,no,friday,yes,clear,16.54,19.54,37.71,20.13,1807,4653,6460
462,2012-04-07,summer,2012,Apr,no,saturday,no,clear,17.94,21.31,25.42,18.42,3252,3605,6857
463,2012-04-08,summer,2012,Apr,no,sunday,no,clear,20.5,24.62,27.58,15.58,2230,2939,5169
464,2012-04-09,summer,2012,Apr,no,monday,yes,clear,20.06,23.83,31.75,24.0,905,4680,5585
465,2012-04-10,summer,2012,Apr,no,tuesday,yes,clear,18.31,21.81,43.5,16.71,819,5099,5918
466,2012-04-11,summer,2012,Apr,no,wednesday,yes,clear,14.3,16.86,46.96,19.78,482,4380,4862
467,2012-04-12,summer,2012,Apr,no,thursday ,yes,clear,16.3,19.38,46.62,19.46,663,4746,5409
468,2012-04-13,summer,2012,Apr,no,friday,yes,clear,18.14,21.59,40.83,10.42,1252,5146,6398
469,2012-04-14,summer,2012,Apr,no,saturday,no,clear,20.29,24.4,50.29,12.79,2795,4665,7460
470,2012-04-15,summer,2012,Apr,no,sunday,no,clear,24.87,28.69,50.79,15.08,2846,4286,7132
471,2012-04-16,summer,2012,Apr,yes,monday,no,clear,27.23,30.75,56.17,19.08,1198,5172,6370
472,2012-04-17,summer,2012,Apr,no,tuesday,yes,clear,24.94,29.92,39.04,18.33,989,5702,6691
473,2012-04-18,summer,2012,Apr,no,wednesday,yes,mist,19.0,22.85,56.92,11.25,347,4020,4367
474,2012-04-19,summer,2012,Apr,no,thursday ,yes,clear,20.43,24.65,61.25,4.42,846,5719,6565
475,2012-04-20,summer,2012,Apr,no,friday,yes,clear,21.59,25.79,69.46,10.04,1340,5950,7290
476,2012-04-21,summer,2012,Apr,no,saturday,no,clear,23.37,27.15,68.29,19.0,2541,4083,6624
477,2012-04-22,summer,2012,Apr,no,sunday,no,light rain,16.26,19.48,83.54,23.08,120,907,1027
478,2012-04-23,summer,2012,Apr,no,monday,yes,mist,13.19,15.06,76.67,20.33,195,3019,3214
479,2012-04-24,summer,2012,Apr,no,tuesday,yes,clear,16.95,20.26,45.42,16.71,518,5115,5633
480,2012-04-25,summer,2012,Apr,no,wednesday,yes,clear,19.54,23.52,42.79,7.96,655,5541,6196
481,2012-04-26,summer,2012,Apr,no,thursday ,yes,mist,20.43,24.18,75.67,11.83,475,4551,5026
482,2012-04-27,summer,2012,Apr,no,friday,yes,clear,18.76,22.63,40.08,23.29,1014,5219,6233
483,2012-04-28,summer,2012,Apr,no,saturday,no,mist,15.44,18.88,48.96,8.71,1120,3100,4220
484,2012-04-29,summer,2012,Apr,no,sunday,no,clear,18.79,22.51,58.71,7.83,2229,4075,6304
485,2012-04-30,summer,2012,Apr,no,monday,yes,mist,19.03,22.88,57.0,11.5,665,4907,5572
486,2012-05-01,summer,2012,May,no,tuesday,yes,mist,25.15,28.85,65.96,10.46,653,5087,5740
487,2012-05-02,summer,2012,May,no,wednesday,yes,clear,23.13,26.89,79.71,9.25,667,5502,6169
488,2012-05-03,summer,2012,May,no,thursday ,yes,mist,22.96,26.86,76.83,8.96,764,5657,6421
489,2012-05-04,summer,2012,May,no,friday,yes,clear,25.73,29.55,73.54,10.92,1069,5227,6296
490,2012-05-05,summer,2012,May,no,saturday,no,mist,25.49,29.23,75.67,10.25,2496,4387,6883
491,2012-05-06,summer,2012,May,no,sunday,no,mist,23.06,27.34,74.0,10.04,2135,4224,6359
492,2012-05-07,summer,2012,May,no,monday,yes,mist,22.04,26.36,66.42,15.46,1008,5265,6273
493,2012-05-08,summer,2012,May,no,tuesday,yes,mist,23.85,27.87,68.58,19.83,738,4990,5728
494,2012-05-09,summer,2012,May,no,wednesday,yes,mist,23.58,27.65,74.42,14.5,620,4097,4717
495,2012-05-10,summer,2012,May,no,thursday ,yes,clear,20.74,24.59,55.21,21.04,1026,5546,6572
496,2012-05-11,summer,2012,May,no,friday,yes,clear,21.87,26.04,36.04,15.87,1319,5711,7030
497,2012-05-12,summer,2012,May,no,saturday,no,clear,23.13,27.24,48.04,8.25,2622,4807,7429
498,2012-05-13,summer,2012,May,no,sunday,no,clear,25.11,29.26,57.63,15.08,2172,3946,6118
499,2012-05-14,summer,2012,May,no,monday,yes,mist,23.51,27.5,78.96,14.25,342,2501,2843
500,2012-05-15,summer,2012,May,no,tuesday,yes,mist,25.08,28.82,79.46,9.88,625,4490,5115
501,2012-05-16,summer,2012,May,no,wednesday,yes,clear,26.1,29.8,69.79,8.21,991,6433,7424
502,2012-05-17,summer,2012,May,no,thursday ,yes,clear,24.33,28.63,52.0,15.37,1242,6142,7384
503,2012-05-18,summer,2012,May,no,friday,yes,clear,23.13,27.56,52.33,9.17,1521,6118,7639
504,2012-05-19,summer,2012,May,no,saturday,no,clear,24.6,28.35,45.62,5.63,3410,4884,8294
505,2012-05-20,summer,2012,May,no,sunday,no,clear,25.45,29.2,53.04,17.04,2704,4425,7129
506,2012-05-21,summer,2012,May,no,monday,yes,mist,24.53,28.28,81.12,15.62,630,3729,4359
507,2012-05-22,summer,2012,May,no,tuesday,yes,mist,25.22,29.04,76.58,7.92,819,5254,6073
508,2012-05-23,summer,2012,May,no,wednesday,yes,mist,25.49,29.23,77.46,6.83,766,4494,5260
509,2012-05-24,summer,2012,May,no,thursday ,yes,clear,26.86,30.34,71.67,11.58,1059,5711,6770
510,2012-05-25,summer,2012,May,no,friday,yes,clear,27.88,31.38,74.71,9.42,1417,5317,6734
511,2012-05-26,summer,2012,May,no,saturday,no,clear,28.39,32.13,73.25,13.33,2855,3681,6536
512,2012-05-27,summer,2012,May,no,sunday,no,clear,28.29,32.07,69.71,14.42,3283,3308,6591
513,2012-05-28,summer,2012,May,yes,monday,no,clear,29.21,33.97,67.62,13.17,2557,3486,6043
514,2012-05-29,summer,2012,May,no,tuesday,yes,clear,29.62,33.65,68.46,19.79,880,4863,5743
515,2012-05-30,summer,2012,May,no,wednesday,yes,mist,26.92,30.56,67.0,9.0,745,6110,6855
516,2012-05-31,summer,2012,May,no,thursday ,yes,clear,27.88,31.57,49.29,13.08,1100,6238,7338
517,2012-06-01,summer,2012,Jun,no,friday,yes,mist,26.82,30.4,75.54,15.92,533,3594,4127
518,2012-06-02,summer,2012,Jun,no,saturday,no,clear,23.92,28.31,54.92,12.5,2795,5325,8120
519,2012-06-03,summer,2012,Jun,no,sunday,no,clear,24.7,28.76,49.33,12.33,2494,5147,7641
520,2012-06-04,summer,2012,Jun,no,monday,yes,clear,24.5,28.91,48.71,19.08,1071,5927,6998
521,2012-06-05,summer,2012,Jun,no,tuesday,yes,mist,22.17,26.29,61.33,14.04,968,6033,7001
522,2012-06-06,summer,2012,Jun,no,wednesday,yes,clear,22.72,27.11,61.12,5.17,1027,6028,7055
523,2012-06-07,summer,2012,Jun,no,thursday ,yes,clear,24.7,28.47,56.71,10.54,1038,6456,7494
524,2012-06-08,summer,2012,Jun,no,friday,yes,clear,26.62,29.89,46.79,11.75,1488,6248,7736
525,2012-06-09,summer,2012,Jun,no,saturday,no,clear,29.14,32.42,43.71,9.67,2708,4790,7498
526,2012-06-10,summer,2012,Jun,no,sunday,no,clear,29.79,33.18,53.83,8.96,2224,4374,6598
527,2012-06-11,summer,2012,Jun,no,monday,yes,mist,29.55,32.99,58.79,13.92,1017,5647,6664
528,2012-06-12,summer,2012,Jun,no,tuesday,yes,mist,26.79,29.89,83.33,14.37,477,4495,4972
529,2012-06-13,summer,2012,Jun,no,wednesday,yes,clear,26.89,30.56,58.21,23.0,1173,6248,7421
530,2012-06-14,summer,2012,Jun,no,thursday ,yes,clear,26.58,31.22,56.96,17.0,1180,6183,7363
531,2012-06-15,summer,2012,Jun,no,friday,yes,clear,26.21,29.99,58.96,11.83,1563,6102,7665
532,2012-06-16,summer,2012,Jun,no,saturday,no,clear,25.9,29.74,50.42,11.17,2963,4739,7702
533,2012-06-17,summer,2012,Jun,no,sunday,no,clear,24.29,28.6,59.88,9.71,2634,4344,6978
534,2012-06-18,summer,2012,Jun,no,monday,yes,mist,23.3,27.24,77.79,11.71,653,4446,5099
535,2012-06-19,summer,2012,Jun,no,tuesday,yes,clear,28.22,32.73,69.0,9.92,968,5857,6825
536,2012-06-20,summer,2012,Jun,no,wednesday,yes,clear,32.08,36.05,59.21,7.63,872,5339,6211
537,2012-06-21,fall,2012,Jun,no,thursday ,yes,clear,33.04,37.63,56.79,7.96,778,5127,5905
538,2012-06-22,fall,2012,Jun,no,friday,yes,clear,31.88,36.21,57.38,12.25,964,4859,5823
539,2012-06-23,fall,2012,Jun,no,saturday,no,clear,30.0,32.64,53.46,12.04,2657,4801,7458
540,2012-06-24,fall,2012,Jun,no,sunday,no,clear,30.48,33.71,47.92,9.75,2551,4340,6891
541,2012-06-25,fall,2012,Jun,no,monday,yes,clear,29.35,32.7,50.42,20.13,1139,5640,6779
542,2012-06-26,fall,2012,Jun,no,tuesday,yes,clear,25.86,29.74,37.33,23.29,1077,6365,7442
543,2012-06-27,fall,2012,Jun,no,wednesday,yes,clear,28.6,32.04,36.0,18.21,1077,6258,7335
544,2012-06-28,fall,2012,Jun,no,thursday ,yes,clear,30.72,33.78,42.25,11.5,921,5958,6879
545,2012-06-29,fall,2012,Jun,no,friday,yes,clear,34.2,39.33,48.88,11.08,829,4634,5463
546,2012-06-30,fall,2012,Jun,no,saturday,no,clear,31.36,34.38,60.12,10.79,1455,4232,5687
547,2012-07-01,fall,2012,Jul,no,sunday,no,clear,33.45,37.53,51.88,11.29,1421,4110,5531
548,2012-07-02,fall,2012,Jul,no,monday,yes,clear,32.05,35.1,44.71,13.08,904,5323,6227
549,2012-07-03,fall,2012,Jul,no,tuesday,yes,clear,32.01,35.13,49.21,8.46,1052,5608,6660
550,2012-07-04,fall,2012,Jul,yes,wednesday,no,clear,32.36,36.62,53.87,9.04,2562,4841,7403
551,2012-07-05,fall,2012,Jul,no,thursday ,yes,clear,33.93,38.07,45.79,13.0,1405,4836,6241
552,2012-07-06,fall,2012,Jul,no,friday,yes,clear,33.96,37.63,45.08,9.79,1366,4841,6207
553,2012-07-07,fall,2012,Jul,no,saturday,no,clear,35.33,40.25,49.21,10.96,1448,3392,4840
554,2012-07-08,fall,2012,Jul,no,sunday,no,clear,33.72,39.52,57.38,8.42,1203,3469,4672
555,2012-07-09,fall,2012,Jul,no,monday,yes,mist,29.14,32.7,68.33,12.13,998,5571,6569
556,2012-07-10,fall,2012,Jul,no,tuesday,yes,mist,29.55,33.24,66.75,10.17,954,5336,6290
557,2012-07-11,fall,2012,Jul,no,wednesday,yes,clear,29.38,32.51,63.33,10.17,975,6289,7264
558,2012-07-12,fall,2012,Jul,no,thursday ,yes,clear,29.35,32.73,52.96,9.83,1032,6414,7446
559,2012-07-13,fall,2012,Jul,no,friday,yes,mist,30.0,33.4,48.58,5.42,1511,5988,7499
560,2012-07-14,fall,2012,Jul,no,saturday,no,mist,28.84,33.3,69.92,9.63,2355,4614,6969
561,2012-07-15,fall,2012,Jul,no,sunday,no,clear,30.58,35.26,71.79,11.17,1920,4111,6031
562,2012-07-16,fall,2012,Jul,no,monday,yes,clear,31.3,36.21,64.5,11.0,1088,5742,6830
563,2012-07-17,fall,2012,Jul,no,tuesday,yes,clear,33.55,37.78,50.58,7.67,921,5865,6786
564,2012-07-18,fall,2012,Jul,no,wednesday,yes,clear,32.53,37.28,57.71,9.21,799,4914,5713
565,2012-07-19,fall,2012,Jul,no,thursday ,yes,clear,31.57,35.73,60.04,11.08,888,5703,6591
566,2012-07-20,fall,2012,Jul,no,friday,yes,mist,27.3,30.65,84.42,14.0,747,5123,5870
567,2012-07-21,fall,2012,Jul,no,saturday,no,light rain,24.43,27.5,86.54,14.29,1264,3195,4459
568,2012-07-22,fall,2012,Jul,no,sunday,no,mist,27.37,31.16,76.25,6.29,2544,4866,7410
569,2012-07-23,fall,2012,Jul,no,monday,yes,clear,30.41,34.5,69.42,9.29,1135,5831,6966
570,2012-07-24,fall,2012,Jul,no,tuesday,yes,clear,30.78,35.32,65.5,14.17,1140,6452,7592
571,2012-07-25,fall,2012,Jul,no,wednesday,yes,clear,29.69,32.7,45.0,11.04,1383,6790,8173
572,2012-07-26,fall,2012,Jul,no,thursday ,yes,clear,31.84,36.96,59.67,19.08,1036,5825,6861
573,2012-07-27,fall,2012,Jul,no,friday,yes,clear,32.05,36.71,59.46,10.25,1259,5645,6904
574,2012-07-28,fall,2012,Jul,no,saturday,no,clear,30.99,34.88,61.33,10.54,2234,4451,6685
575,2012-07-29,fall,2012,Jul,no,sunday,no,clear,29.59,33.4,62.38,11.42,2153,4444,6597
576,2012-07-30,fall,2012,Jul,no,monday,yes,clear,29.96,34.25,66.88,10.29,1040,6065,7105
577,2012-07-31,fall,2012,Jul,no,tuesday,yes,clear,29.25,33.14,70.42,11.08,968,6248,7216
578,2012-08-01,fall,2012,Aug,no,wednesday,yes,clear,29.42,33.37,67.75,9.46,1074,6506,7580
579,2012-08-02,fall,2012,Aug,no,thursday ,yes,clear,30.85,35.35,65.96,8.67,983,6278,7261
580,2012-08-03,fall,2012,Aug,no,friday,yes,mist,31.4,36.14,64.25,14.46,1328,5847,7175
581,2012-08-04,fall,2012,Aug,no,saturday,no,clear,32.53,37.56,61.33,17.25,2345,4479,6824
582,2012-08-05,fall,2012,Aug,no,sunday,no,clear,31.54,36.55,65.25,19.46,1707,3757,5464
583,2012-08-06,fall,2012,Aug,no,monday,yes,mist,30.85,35.51,65.42,8.67,1233,5780,7013
584,2012-08-07,fall,2012,Aug,no,tuesday,yes,mist,30.17,34.88,70.38,7.83,1278,5995,7273
585,2012-08-08,fall,2012,Aug,no,wednesday,yes,mist,30.75,35.39,67.29,7.42,1263,6271,7534
586,2012-08-09,fall,2012,Aug,no,thursday ,yes,clear,30.99,34.98,62.04,10.46,1196,6090,7286
587,2012-08-10,fall,2012,Aug,no,friday,yes,mist,29.35,33.4,71.58,16.0,1065,4721,5786
588,2012-08-11,fall,2012,Aug,no,saturday,no,mist,28.39,31.91,73.29,13.83,2247,4052,6299
589,2012-08-12,fall,2012,Aug,no,sunday,no,clear,28.73,32.23,53.04,8.21,2182,4362,6544
590,2012-08-13,fall,2012,Aug,no,monday,yes,clear,29.55,33.11,54.54,9.13,1207,5676,6883
591,2012-08-14,fall,2012,Aug,no,tuesday,yes,clear,29.79,33.84,68.67,11.33,1128,5656,6784
592,2012-08-15,fall,2012,Aug,no,wednesday,yes,clear,28.97,32.7,61.96,11.37,1198,6149,7347
593,2012-08-16,fall,2012,Aug,no,thursday ,yes,clear,29.49,32.73,51.92,9.5,1338,6267,7605
594,2012-08-17,fall,2012,Aug,no,friday,yes,clear,29.66,12.12,57.08,15.5,1483,5665,7148
595,2012-08-18,fall,2012,Aug,no,saturday,no,clear,27.81,30.9,60.33,11.92,2827,5038,7865
596,2012-08-19,fall,2012,Aug,no,sunday,no,mist,26.07,30.18,71.17,5.79,1208,3341,4549
597,2012-08-20,fall,2012,Aug,no,monday,yes,mist,26.07,29.8,73.42,8.71,1026,5504,6530
598,2012-08-21,fall,2012,Aug,no,tuesday,yes,clear,26.62,30.05,67.38,4.88,1081,5925,7006
599,2012-08-22,fall,2012,Aug,no,wednesday,yes,clear,27.37,31.09,67.71,4.71,1094,6281,7375
600,2012-08-23,fall,2012,Aug,no,thursday ,yes,clear,28.53,31.85,63.58,5.67,1363,6402,7765
601,2012-08-24,fall,2012,Aug,no,friday,yes,mist,28.8,32.36,61.5,4.83,1325,6257,7582
602,2012-08-25,fall,2012,Aug,no,saturday,no,mist,27.13,30.93,71.29,16.38,1829,4224,6053
603,2012-08-26,fall,2012,Aug,no,sunday,no,mist,26.79,29.8,84.58,15.33,1483,3772,5255
604,2012-08-27,fall,2012,Aug,no,monday,yes,clear,28.84,32.73,73.04,8.63,989,5928,6917
605,2012-08-28,fall,2012,Aug,no,tuesday,yes,clear,29.86,33.3,62.0,12.79,935,6105,7040
606,2012-08-29,fall,2012,Aug,no,wednesday,yes,clear,28.08,31.79,55.21,7.54,1177,6520,7697
607,2012-08-30,fall,2012,Aug,no,thursday ,yes,clear,28.97,32.64,59.04,5.17,1172,6541,7713
608,2012-08-31,fall,2012,Aug,no,friday,yes,clear,31.33,34.47,58.75,11.29,1433,5917,7350
609,2012-09-01,fall,2012,Sep,no,saturday,no,mist,30.89,35.13,63.83,7.58,2352,3788,6140
610,2012-09-02,fall,2012,Sep,no,sunday,no,mist,28.56,32.45,81.5,4.29,2613,3197,5810
611,2012-09-03,fall,2012,Sep,yes,monday,no,clear,29.01,33.08,79.08,10.13,1965,4069,6034
612,2012-09-04,fall,2012,Sep,no,tuesday,yes,clear,29.76,34.34,75.5,15.83,867,5997,6864
613,2012-09-05,fall,2012,Sep,no,wednesday,yes,clear,30.2,35.45,74.12,12.58,832,6280,7112
614,2012-09-06,fall,2012,Sep,no,thursday ,yes,mist,28.56,32.77,81.04,9.54,611,5592,6203
615,2012-09-07,fall,2012,Sep,no,friday,yes,clear,28.84,32.86,73.62,11.5,1045,6459,7504
616,2012-09-08,fall,2012,Sep,no,saturday,no,mist,27.03,30.56,79.92,18.83,1557,4419,5976
617,2012-09-09,fall,2012,Sep,no,sunday,no,clear,25.01,28.95,54.75,15.04,2570,5657,8227
618,2012-09-10,fall,2012,Sep,no,monday,yes,clear,23.92,28.28,50.38,17.33,1118,6407,7525
619,2012-09-11,fall,2012,Sep,no,tuesday,yes,clear,23.68,27.71,52.0,6.17,1070,6697,7767
620,2012-09-12,fall,2012,Sep,no,wednesday,yes,clear,24.57,28.5,57.71,8.83,1050,6820,7870
621,2012-09-13,fall,2012,Sep,no,thursday ,yes,clear,25.11,28.98,63.71,5.54,1054,6750,7804
622,2012-09-14,fall,2012,Sep,no,friday,yes,clear,25.97,29.7,67.25,6.96,1379,6630,8009
623,2012-09-15,fall,2012,Sep,no,saturday,no,clear,24.94,29.29,50.17,16.58,3160,5554,8714
624,2012-09-16,fall,2012,Sep,no,sunday,no,clear,23.78,28.16,57.0,6.04,2166,5167,7333
625,2012-09-17,fall,2012,Sep,no,monday,yes,mist,23.81,27.65,73.46,10.17,1022,5847,6869
626,2012-09-18,fall,2012,Sep,no,tuesday,yes,mist,25.56,28.25,87.25,23.96,371,3702,4073
627,2012-09-19,fall,2012,Sep,no,wednesday,yes,clear,22.65,27.02,53.67,14.42,788,6803,7591
628,2012-09-20,fall,2012,Sep,no,thursday ,yes,clear,22.41,26.61,61.83,7.92,939,6781,7720
629,2012-09-21,fall,2012,Sep,no,friday,yes,clear,24.57,28.6,66.88,10.33,1250,6917,8167
630,2012-09-22,fall,2012,Sep,no,saturday,no,clear,26.65,30.52,64.67,19.0,2512,5883,8395
631,2012-09-23,winter,2012,Sep,no,sunday,no,clear,21.7,25.95,46.71,14.96,2454,5453,7907
632,2012-09-24,winter,2012,Sep,no,monday,yes,clear,21.08,25.13,49.29,9.54,1001,6435,7436
633,2012-09-25,winter,2012,Sep,no,tuesday,yes,clear,22.55,27.21,57.0,15.83,845,6693,7538
634,2012-09-26,winter,2012,Sep,no,wednesday,yes,clear,26.04,29.83,63.08,16.37,787,6946,7733
635,2012-09-27,winter,2012,Sep,no,thursday ,yes,mist,26.65,30.4,69.08,9.0,751,6642,7393
636,2012-09-28,winter,2012,Sep,no,friday,yes,mist,25.39,29.29,69.0,11.0,1045,6370,7415
637,2012-09-29,winter,2012,Sep,no,saturday,no,clear,22.24,26.51,54.29,15.25,2589,5966,8555
638,2012-09-30,winter,2012,Sep,no,sunday,no,clear,21.59,25.88,58.33,9.04,2015,4874,6889
639,2012-10-01,winter,2012,Oct,no,monday,yes,mist,21.35,25.6,64.92,6.08,763,6015,6778
640,2012-10-02,winter,2012,Oct,no,tuesday,yes,light rain,24.22,27.12,87.17,7.0,315,4324,4639
641,2012-10-03,winter,2012,Oct,no,wednesday,yes,mist,26.96,29.96,79.38,4.46,728,6844,7572
642,2012-10-04,winter,2012,Oct,no,thursday ,yes,mist,26.96,30.4,72.29,7.88,891,6437,7328
643,2012-10-05,winter,2012,Oct,no,friday,yes,clear,25.22,29.01,62.75,7.13,1516,6640,8156
644,2012-10-06,winter,2012,Oct,no,saturday,no,clear,22.72,26.93,66.42,17.96,3031,4934,7965
645,2012-10-07,winter,2012,Oct,no,sunday,no,mist,17.05,20.99,70.83,9.46,781,2729,3510
646,2012-10-08,winter,2012,Oct,yes,monday,no,mist,15.72,19.38,70.96,12.71,874,4604,5478
647,2012-10-09,winter,2012,Oct,no,tuesday,yes,mist,18.31,21.91,76.17,12.75,601,5791,6392
648,2012-10-10,winter,2012,Oct,no,wednesday,yes,clear,21.08,25.16,63.08,12.58,780,6911,7691
649,2012-10-11,winter,2012,Oct,no,thursday ,yes,clear,17.84,21.56,46.33,12.17,834,6736,7570
650,2012-10-12,winter,2012,Oct,no,friday,yes,clear,17.94,21.65,53.92,15.75,1060,6222,7282
651,2012-10-13,winter,2012,Oct,no,saturday,no,clear,16.13,19.57,49.46,9.79,2252,4857,7109
652,2012-10-14,winter,2012,Oct,no,sunday,no,clear,21.39,25.41,64.04,18.67,2080,4559,6639
653,2012-10-15,winter,2012,Oct,no,monday,yes,mist,23.03,26.96,70.75,19.83,760,5115,5875
654,2012-10-16,winter,2012,Oct,no,tuesday,yes,clear,19.2,23.04,55.83,12.21,922,6612,7534
655,2012-10-17,winter,2012,Oct,no,wednesday,yes,clear,18.69,22.51,69.29,6.79,979,6482,7461
656,2012-10-18,winter,2012,Oct,no,thursday ,yes,mist,21.42,25.63,72.83,15.87,1008,6501,7509
657,2012-10-19,winter,2012,Oct,no,friday,yes,mist,23.1,26.89,81.5,9.04,753,4671,5424
658,2012-10-20,winter,2012,Oct,no,saturday,no,clear,19.85,23.64,57.29,7.87,2806,5284,8090
659,2012-10-21,winter,2012,Oct,no,sunday,no,clear,19.03,22.82,51.0,11.13,2132,4692,6824
660,2012-10-22,winter,2012,Oct,no,monday,yes,clear,19.99,24.15,56.83,5.46,830,6228,7058
661,2012-10-23,winter,2012,Oct,no,tuesday,yes,clear,22.31,26.52,64.17,6.33,841,6625,7466
662,2012-10-24,winter,2012,Oct,no,wednesday,yes,clear,24.09,27.94,63.62,4.88,795,6898,7693
663,2012-10-25,winter,2012,Oct,no,thursday ,yes,mist,22.55,26.48,80.04,8.33,875,6484,7359
664,2012-10-26,winter,2012,Oct,no,friday,yes,mist,22.38,26.14,80.71,8.88,1182,6262,7444
665,2012-10-27,winter,2012,Oct,no,saturday,no,mist,21.73,25.76,72.0,15.79,2643,5209,7852
666,2012-10-28,winter,2012,Oct,no,sunday,no,mist,19.58,23.39,69.46,26.67,998,3461,4459
667,2012-10-29,winter,2012,Oct,no,monday,yes,light rain,18.04,21.97,88.0,24.0,2,20,22
668,2012-10-30,winter,2012,Oct,no,tuesday,yes,mist,13.05,15.5,82.55,14.27,87,1009,1096
669,2012-10-31,winter,2012,Oct,no,wednesday,yes,mist,14.66,18.06,66.67,11.17,419,5147,5566
670,2012-11-01,winter,2012,Nov,no,thursday ,yes,mist,15.0,18.5,58.17,10.54,466,5520,5986
671,2012-11-02,winter,2012,Nov,no,friday,yes,clear,14.56,17.8,52.21,17.83,618,5229,5847
672,2012-11-03,winter,2012,Nov,no,saturday,no,mist,14.08,16.19,49.12,18.13,1029,4109,5138
673,2012-11-04,winter,2012,Nov,no,sunday,no,clear,13.36,16.48,53.29,12.0,1201,3906,5107
674,2012-11-05,winter,2012,Nov,no,monday,yes,clear,13.09,15.4,49.42,15.83,378,4881,5259
675,2012-11-06,winter,2012,Nov,no,tuesday,yes,clear,11.51,14.08,56.71,11.63,466,5220,5686
676,2012-11-07,winter,2012,Nov,no,wednesday,yes,mist,12.13,13.73,54.75,20.38,326,4709,5035
677,2012-11-08,winter,2012,Nov,no,thursday ,yes,clear,14.44,17.09,33.35,23.3,340,4975,5315
678,2012-11-09,winter,2012,Nov,no,friday,yes,clear,14.83,17.77,54.08,14.38,709,5283,5992
679,2012-11-10,winter,2012,Nov,no,saturday,no,clear,15.96,19.7,64.54,3.88,2090,4446,6536
680,2012-11-11,winter,2012,Nov,no,sunday,no,clear,17.25,21.09,65.92,8.54,2290,4562,6852
681,2012-11-12,winter,2012,Nov,yes,monday,no,clear,19.88,23.77,74.17,11.63,1097,5172,6269
682,2012-11-13,winter,2012,Nov,no,tuesday,yes,mist,14.08,16.16,66.29,22.92,327,3767,4094
683,2012-11-14,winter,2012,Nov,no,wednesday,yes,clear,11.86,14.08,55.21,13.37,373,5122,5495
684,2012-11-15,winter,2012,Nov,no,thursday ,yes,mist,13.19,16.22,62.04,10.25,320,5125,5445
685,2012-11-16,winter,2012,Nov,no,friday,yes,clear,14.14,17.36,52.46,11.46,484,5214,5698
686,2012-11-17,winter,2012,Nov,no,saturday,no,clear,13.32,16.32,54.54,12.04,1313,4316,5629
687,2012-11-18,winter,2012,Nov,no,sunday,no,clear,14.04,16.89,69.29,15.25,922,3747,4669
688,2012-11-19,winter,2012,Nov,no,monday,yes,mist,15.61,18.78,62.33,15.75,449,5050,5499
689,2012-11-20,winter,2012,Nov,no,tuesday,yes,mist,15.34,19.03,68.5,5.54,534,5100,5634
690,2012-11-21,winter,2012,Nov,no,wednesday,yes,clear,14.49,18.24,61.38,6.92,615,4531,5146
691,2012-11-22,winter,2012,Nov,yes,thursday ,no,clear,13.94,17.52,58.04,3.54,955,1470,2425
692,2012-11-23,winter,2012,Nov,no,friday,yes,clear,15.1,18.94,56.88,9.92,1603,2307,3910
693,2012-11-24,winter,2012,Nov,no,saturday,no,clear,11.41,12.44,40.46,25.25,532,1745,2277
694,2012-11-25,winter,2012,Nov,no,sunday,no,clear,10.08,12.88,46.83,10.08,309,2115,2424
695,2012-11-26,winter,2012,Nov,no,monday,yes,clear,12.85,16.95,53.54,3.13,337,4750,5087
696,2012-11-27,winter,2012,Nov,no,tuesday,yes,mist,11.96,14.08,78.67,15.92,123,3836,3959
697,2012-11-28,winter,2012,Nov,no,wednesday,yes,clear,12.16,14.49,50.62,14.13,198,5062,5260
698,2012-11-29,winter,2012,Nov,no,thursday ,yes,clear,11.52,14.92,55.57,7.74,243,5080,5323
699,2012-11-30,winter,2012,Nov,no,friday,yes,clear,12.23,16.19,64.96,3.92,362,5306,5668
700,2012-12-01,winter,2012,Dec,no,saturday,no,mist,12.23,15.85,80.67,4.0,951,4240,5191
701,2012-12-02,winter,2012,Dec,no,sunday,no,mist,14.25,17.96,82.33,8.33,892,3757,4649
702,2012-12-03,winter,2012,Dec,no,monday,yes,clear,18.55,22.79,76.75,5.54,555,5679,6234
703,2012-12-04,winter,2012,Dec,no,tuesday,yes,clear,19.51,23.45,73.38,11.67,551,6055,6606
704,2012-12-05,winter,2012,Dec,no,wednesday,yes,clear,17.97,21.4,48.5,21.71,331,5398,5729
705,2012-12-06,winter,2012,Dec,no,thursday ,yes,clear,10.49,12.91,50.88,11.71,340,5035,5375
706,2012-12-07,winter,2012,Dec,no,friday,yes,mist,13.15,16.1,76.42,8.75,349,4659,5008
707,2012-12-08,winter,2012,Dec,no,saturday,no,mist,15.65,19.48,91.12,6.79,1153,4429,5582
708,2012-12-09,winter,2012,Dec,no,sunday,no,mist,15.75,19.51,90.54,10.58,441,2787,3228
709,2012-12-10,winter,2012,Dec,no,monday,yes,mist,17.87,21.78,92.5,12.75,329,4841,5170
710,2012-12-11,winter,2012,Dec,no,tuesday,yes,mist,14.49,16.92,59.67,19.83,282,5219,5501
711,2012-12-12,winter,2012,Dec,no,wednesday,yes,mist,12.2,14.87,53.83,10.92,310,5009,5319
712,2012-12-13,winter,2012,Dec,no,thursday ,yes,clear,12.13,14.71,48.58,11.67,425,5107,5532
713,2012-12-14,winter,2012,Dec,no,friday,yes,clear,11.55,14.71,64.29,8.79,429,5182,5611
714,2012-12-15,winter,2012,Dec,no,saturday,no,clear,13.29,16.92,65.04,7.13,767,4280,5047
715,2012-12-16,winter,2012,Dec,no,sunday,no,mist,14.86,18.5,83.88,6.75,538,3248,3786
716,2012-12-17,winter,2012,Dec,no,monday,yes,mist,16.13,20.08,90.71,6.58,212,4373,4585
717,2012-12-18,winter,2012,Dec,no,tuesday,yes,clear,16.84,20.49,66.62,14.83,433,5124,5557
718,2012-12-19,winter,2012,Dec,no,wednesday,yes,clear,13.63,17.11,62.54,12.33,333,4934,5267
719,2012-12-20,winter,2012,Dec,no,thursday ,yes,mist,13.53,16.76,66.79,8.88,314,3814,4128
720,2012-12-21,springer,2012,Dec,no,friday,yes,mist,13.39,15.09,55.67,25.08,221,3402,3623
721,2012-12-22,springer,2012,Dec,no,saturday,no,clear,10.9,11.81,44.12,27.29,205,1544,1749
722,2012-12-23,springer,2012,Dec,no,sunday,no,clear,10.08,12.97,51.54,8.92,408,1379,1787
723,2012-12-24,springer,2012,Dec,no,monday,yes,mist,9.48,12.94,79.13,5.17,174,746,920
724,2012-12-25,springer,2012,Dec,yes,tuesday,no,mist,11.94,14.72,73.48,11.3,440,573,1013
725,2012-12-26,springer,2012,Dec,no,wednesday,yes,light rain,9.98,11.02,82.33,21.21,9,432,441
726,2012-12-27,springer,2012,Dec,no,thursday ,yes,mist,10.42,11.33,65.29,23.46,247,1867,2114
727,2012-12-28,springer,2012,Dec,no,friday,yes,mist,10.39,12.75,59.0,10.42,644,2451,3095
728,2012-12-29,springer,2012,Dec,no,saturday,no,mist,10.39,12.12,75.29,8.33,159,1182,1341
729,2012-12-30,springer,2012,Dec,no,sunday,no,clear,10.49,11.58,48.33,23.5,364,1432,1796
730,2012-12-31,springer,2012,Dec,no,monday,yes,mist,8.85,11.17,57.75,10.37,439,2290,2729
